Date,Unemployment [Thousands of persons],Labor force [Thousands of persons],Vacancies [Thousands of vacancies]
1929-04-01,   34661.09,   50233.47,   93729.62
1929-05-01,   82956.82,   50276.86,   91239.90
1929-06-01,  103659.74,   50320.26,   89605.73
1929-07-01,   39787.29,   50363.66,   92046.20
1929-08-01,    2016.28,   50407.05,   86393.90
1929-09-01,   45911.53,   50452.24,   99496.83
1929-10-01,  116649.04,   50497.42,   90639.90
1929-11-01,   95525.51,   50542.60,   76022.07
1929-12-01,  105222.59,   50587.78,   71278.98
1930-01-01,  111898.85,   50632.96,   60170.98
1930-02-01,  158115.82,   50678.15,   61050.51
1930-03-01,  184125.68,   50723.33,   58158.03
1930-04-01,  182766.64,   50768.51,   58002.14
1930-05-01,  172258.42,   50813.69,   55621.26
1930-06-01,  191737.96,   50858.87,   53395.51
1930-07-01,  255538.36,   50904.06,   50047.25
1930-08-01,  338302.94,   50949.24,   50045.77
1930-09-01,  397153.33,   50982.46,   47376.51
1930-10-01,  459651.22,   51015.67,   45807.01
1930-11-01,  550307.04,   51048.89,   46632.95
1930-12-01,  607366.26,   51082.11,   45289.56
1931-01-01,  571469.34,   51115.33,   45817.08
1931-02-01,  596903.49,   51148.54,   47305.70
1931-03-01,  602921.13,   51181.76,   47588.03
1931-04-01,  611506.83,   51214.98,   45837.48
1931-05-01,  630352.79,   51248.19,   42905.07
1931-06-01,  667683.98,   51281.41,   40547.36
1931-07-01,  710194.47,   51314.63,   41114.61
1931-08-01,  770731.18,   51347.85,   39606.51
1931-09-01,  813273.73,   51375.47,   36109.73
1931-10-01,  861001.90,   51403.10,   34292.57
1931-11-01,  923181.50,   51430.72,   37776.71
1931-12-01,  982854.49,   51458.35,   37800.71
1932-01-01,  928807.01,   51485.98,   34934.69
1932-02-01,  961243.82,   51513.60,   35834.27
1932-03-01, 1019485.49,   51541.23,   33243.01
1932-04-01, 1084493.00,   51568.85,   28992.18
1932-05-01, 1152665.36,   51596.48,   28771.81
1932-06-01, 1224523.79,   51624.11,   28948.72
1932-07-01, 1267533.50,   51651.73,   27744.36
1932-08-01, 1293017.53,   51679.36,   28037.27
1932-09-01, 1284864.94,   51704.83,   28596.76
1932-10-01, 1283945.93,   51730.30,   30849.89
1932-11-01, 1276814.71,   51755.76,   29043.71
1932-12-01, 1304887.07,   51781.23,   28663.38
1933-01-01, 1228854.97,   51806.70,   28874.53
1933-02-01, 1245527.06,   51832.17,   27921.26
1933-03-01, 1315109.74,   51857.64,   22933.76
1933-04-01, 1322500.43,   51883.11,   27987.62
1933-05-01, 1328340.49,   51908.58,   28738.96
1933-06-01, 1300428.51,   51934.05,   31669.03
1933-07-01, 1238714.83,   51959.51,   32025.68
1933-08-01, 1167062.88,   51984.98,   33127.16
1933-09-01, 1117226.54,   52012.41,   29677.10
1933-10-01, 1106366.88,   52039.83,   30881.81
1933-11-01, 1108511.96,   52067.26,   30585.43
1933-12-01, 1097635.02,   52094.69,   30405.26
1934-01-01,  979895.68,   52122.11,   33089.56
1934-02-01,  933476.69,   52149.54,   32888.99
1934-03-01,  877094.72,   52176.96,   31859.02
1934-04-01,  868681.00,   52204.39,   33032.64
1934-05-01,  885851.54,   52231.81,   33398.27
1934-06-01,  924465.91,   52259.24,   30411.62
1934-07-01,  982466.40,   52286.66,   30406.41
1934-08-01, 1060406.57,   52314.09,   29232.01
1934-09-01, 1125926.40,   52344.32,   29374.13
1934-10-01, 1128147.99,   52374.56,   29583.92
1934-11-01, 1121986.64,   52404.79,   30835.86
1934-12-01, 1071771.99,   52435.03,   32293.28
1935-01-01,  938078.92,   52465.26,   31733.88
1935-02-01,  918671.24,   52495.50,   31792.97
1935-03-01,  921301.38,   52525.73,   33205.41
1935-04-01,  922357.27,   52555.97,   33133.24
1935-05-01,  934456.86,   52586.20,   31939.64
1935-06-01,  954462.22,   52616.44,   33207.68
1935-07-01,  932899.08,   52646.68,   34624.34
1935-08-01,  936068.69,   52676.91,   34138.71
1935-09-01,  970291.86,   52704.61,   38035.53
1935-10-01,  920178.79,   52732.31,   37712.57
1935-11-01,  886368.13,   52760.01,   38318.40
1935-12-01,  867829.91,   52787.71,   39595.16
1936-01-01,  790118.48,   52815.41,   37736.32
1936-02-01,  797930.90,   52843.11,   38806.33
1936-03-01,  785660.16,   52870.80,   45915.97
1936-04-01,  823629.71,   52898.50,   44146.15
1936-05-01,  776427.40,   52926.20,   48462.46
1936-06-01,  786365.45,   52953.90,   49369.10
1936-07-01,  754987.83,   52981.60,   48836.19
1936-08-01,  713505.19,   53009.30,   50280.08
1936-09-01,  705908.10,   53035.92,   51195.37
1936-10-01,  732793.68,   53062.54,   50419.63
1936-11-01,  702900.47,   53089.16,   53082.25
1936-12-01,  678819.66,   53115.78,   52326.42
1937-01-01,  643554.45,   53142.40,   52536.70
1937-02-01,  637496.53,   53169.02,   52129.36
1937-03-01,  623984.83,   53195.64,   52207.78
1937-04-01,  630683.75,   53222.26,   54068.17
1937-05-01,  597984.89,   53248.88,   54493.75
1937-06-01,  612668.21,   53275.50,   52163.21
1937-07-01,  584724.21,   53302.12,   46011.58
1937-08-01,  594082.11,   53328.74,   48826.14
1937-09-01,  620614.44,   53363.24,   48856.56
1937-10-01,  650918.41,   53397.74,   43181.92
1937-11-01,  732021.65,   53432.24,   36737.04
1937-12-01,  850655.81,   53466.74,   32534.64
1938-01-01,  903100.91,   53501.24,   33566.66
1938-02-01,  957219.03,   53535.74,   32614.03
1938-03-01,  990513.75,   53570.24,   31910.78
1938-04-01, 1016345.89,   53604.74,   30708.48
1938-05-01, 1058838.63,   53639.24,   29821.56
1938-06-01, 1073474.85,   53673.74,   29437.13
1938-07-01, 1051607.40,   53708.24,   31718.28
1938-08-01, 1030785.83,   53742.74,   32381.86
1938-09-01, 1000291.83,   53779.13,   32153.71
1938-10-01,  980518.73,   53815.52,   33806.05
1938-11-01,  923021.63,   53851.90,   35266.36
1938-12-01,  881612.43,   53888.29,   34416.07
1939-01-01,  949613.57,   53924.68,   34909.51
1939-02-01,  940541.34,   53961.06,   34030.63
1939-03-01,  928216.17,   53997.45,   35875.35
1939-04-01,  939648.43,   54033.84,   35463.69
1939-05-01,  913786.78,   54070.22,   34695.29
1939-06-01,  881396.68,   54106.61,   36380.08
1939-07-01,  876033.69,   54143.00,   36280.61
1939-08-01,  855492.47,   54179.38,   35989.19
1939-09-01,  825262.71,   54222.25,   36453.34
1939-10-01,  840024.12,   54265.12,   41040.97
1939-11-01,  841230.84,   54307.99,   39470.67
1939-12-01,  825589.64,   54350.86,   39926.80
1940-01-01,  844734.71,   54393.74,   40685.69
1940-02-01,  853021.61,   54436.61,   41787.12
1940-03-01,  818826.52,   54479.48,   38470.37
1940-04-01,  862543.52,   54522.35,   37598.42
1940-05-01,  845760.86,   54565.22,   38399.22
1940-06-01,  730656.20,   54608.09,   39388.19
1940-07-01,  771125.00,   54650.96,   37997.99
1940-08-01,  817125.78,   54693.83,   38340.79
1940-09-01,  729109.95,   54737.98,   45088.88
1940-10-01,  808584.40,   54782.14,   43830.18
1940-11-01,  781274.75,   54826.30,   45221.37
1940-12-01,  735812.80,   54870.46,   48993.38
1941-01-01,  666114.24,   54914.61,   52395.25
1941-02-01,  644116.77,   54958.77,   55632.56
1941-03-01,  652334.70,   55002.93,   57674.12
1941-04-01,  673776.29,   55047.08,   62644.83
1941-05-01,  601045.43,   55091.24,   65791.71
1941-06-01,  542532.30,   55135.40,   69830.78
1941-07-01,  507651.89,   55179.55,   72287.12
1941-08-01,  526281.96,   55223.71,   71548.77
1941-09-01,  497465.78,   55273.98,   71279.13
1941-10-01,  431529.07,   55324.24,   68238.13
1941-11-01,  408110.10,   55374.51,   69743.58
1941-12-01,  382985.16,   55424.77,   72469.21
1942-01-01,  388325.24,   55475.03,   74405.76
1942-02-01,  372574.76,   55525.30,   77332.53
1942-03-01,  352349.08,   55575.56,   84785.14
1942-04-01,  319848.52,   55625.83,   93422.47
1942-05-01,  275039.91,   55676.09,   96536.53
1942-06-01,  254669.46,   55726.36,   96326.56
1942-07-01,  241512.78,   55776.62,  102235.71
1942-08-01,  208792.56,   55826.89,  119801.58
1942-09-01,  182207.06,   55891.74,  138524.70
1942-10-01,  180739.76,   55956.58,  146168.98
1942-11-01,  174786.86,   56021.43,  159782.52
1942-12-01,  161528.48,   56086.28,  155255.13
1943-01-01,  134762.70,   56151.13,  163459.07
1943-02-01,  133231.86,   56215.97,  180077.66
1943-03-01,  113687.26,   56280.82,  186846.41
1943-04-01,  108747.14,   56345.67,  188617.03
1943-05-01,  102667.14,   56410.51,  191366.37
1943-06-01,  117468.75,   56475.36,  193569.81
1943-07-01,  122126.85,   56540.21,  198433.72
1943-08-01,  102455.15,   56605.06,  204702.28
1943-09-01,   96892.45,   56662.25,  197515.71
1943-10-01,   91885.51,   56719.45,  198438.61
1943-11-01,   79487.30,   56776.64,  199537.95
1943-12-01,   76725.68,   56833.84,  216820.66
1944-01-01,   76802.90,   56891.04,  217293.94
1944-02-01,   67198.91,   56948.23,  230384.22
1944-03-01,   72396.89,   57005.43,  229506.04
1944-04-01,   69616.40,   57062.62,  227741.72
1944-05-01,   81110.14,   57119.82,  249784.58
1944-06-01,   82334.90,   57177.01,  251383.25
1944-07-01,   80700.23,   57234.21,  200506.93
1944-08-01,   68749.69,   57291.40,  208218.99
1944-09-01,   68239.61,   57344.21,  215900.60
1944-10-01,   52231.29,   57397.02,  245271.77
1944-11-01,   56875.33,   57449.83,  258404.43
1944-12-01,   57502.64,   57502.64,  270075.20
1945-01-01,   60433.22,   57555.45,  267777.93
1945-02-01,   63369.08,   57608.26,  262714.35
1945-03-01,   61697.34,   57661.06,  259656.78
1945-04-01,   58868.15,   57713.87,  264345.22
1945-05-01,   60655.02,   57766.68,  259192.83
1945-06-01,   84994.65,   57819.49,  263837.49
1945-07-01,   89123.34,   57872.30,  288793.09
1945-08-01,   87466.91,   57925.11,  252942.89
1945-09-01,  197116.66,   57975.49,  223011.40
1945-10-01,  193226.13,   58025.87,  213203.94
1945-11-01,  205009.15,   58076.25,  212205.75
1945-12-01,  227856.37,   58126.63,  205178.45
1946-01-01,  230380.94,   58177.00,  203451.82
1946-02-01,  230580.44,   58227.38,  187249.46
1946-03-01,  245349.38,   58277.76,  196015.87
1946-04-01,  227479.76,   58328.14,  198247.20
1946-05-01,  248692.50,   58378.52,  176704.31
1946-06-01,  234884.18,   58428.90,  197626.31
1946-07-01,  207016.65,   58479.28,  208306.78
1946-08-01,  218315.63,   58529.66,  195225.68
1946-09-01,  232737.66,   58624.10,  192701.71
1946-10-01,  234874.12,   58718.53,  185929.38
1946-11-01,  232899.35,   58812.97,  181707.83
1946-12-01,  245054.79,   58907.40,  177056.52
1947-01-01,  218715.99,   59001.84,  175340.15
1947-02-01,  204592.59,   59096.27,  177217.09
1947-03-01,  205628.80,   59190.71,  171783.91
1947-04-01,  232947.66,   59285.14,  165675.27
1947-05-01,  207022.64,   59379.58,  164052.47
1947-06-01,  216500.62,   59474.02,  158661.14
1947-07-01,  218755.48,   59568.45,  155052.05
1947-08-01,  214398.58,   59662.89,  161546.16
1947-09-01,  209050.85,   59749.31,  186063.46
1947-10-01,  208358.36,   59835.73,  173471.99
1947-11-01,  194187.02,   59922.15,  168743.37
1947-12-01,  190715.87,   60008.58,  166406.74
1948-01-01,  204323.00,   60095.00,  156040.56
1948-02-01,  229991.20,   60524.00,  154637.13
1948-03-01,  240280.00,   60070.00,  145736.92
1948-04-01,  236640.30,   60677.00,  146730.90
1948-05-01,  209902.00,   59972.00,  148655.27
1948-06-01,  219445.20,   60957.00,  147485.97
1948-07-01,  220251.60,   61181.00,  146291.48
1948-08-01,  237143.40,   60806.00,  142565.30
1948-09-01,  231097.00,   60815.00,  151002.74
1948-10-01,  224390.20,   60646.00,  135857.45
1948-11-01,  230667.60,   60702.00,  129441.87
1948-12-01,  244676.00,   61169.00,  119310.57
1949-01-01,  261315.30,   60771.00,  112276.45
1949-02-01,  286967.90,   61057.00,   98869.85
1949-03-01,  305365.00,   61073.00,   99391.63
1949-04-01,  323337.10,   61007.00,   95190.94
1949-05-01,  373679.90,   61259.00,   94006.98
1949-06-01,  377877.60,   60948.00,   90776.75
1949-07-01,  410716.70,   61301.00,   85479.74
1949-08-01,  418812.00,   61590.00,   82280.20
1949-09-01,  406777.80,   61633.00,   78748.62
1949-10-01,  491261.50,   62185.00,   74933.95
1949-11-01,  396832.00,   62005.00,   73579.67
1949-12-01,  408592.80,   61908.00,   73707.40
1950-01-01,  400796.50,   61661.00,   83214.85
1950-02-01,  394796.80,   61687.00,   85470.57
1950-03-01,  388105.20,   61604.00,   86590.80
1950-04-01,  360516.40,   62158.00,   90990.12
1950-05-01,  341456.50,   62083.00,   93075.12
1950-06-01,  337062.60,   62419.00,  100381.28
1950-07-01,  310605.00,   62121.00,  107551.91
1950-08-01,  281682.00,   62596.00,  121836.97
1950-09-01,  274335.60,   62349.00,  119802.39
1950-10-01,  262197.60,   62428.00,  127897.86
1950-11-01,  261601.20,   62286.00,  129938.31
1950-12-01,  266892.40,   62068.00,  133026.22
1951-01-01,  229181.70,   61941.00,  145990.66
1951-02-01,  210045.20,   61778.00,  146343.18
1951-03-01,  212588.40,   62526.00,  159654.47
1951-04-01,  191604.80,   61808.00,  160859.53
1951-05-01,  186132.00,   62044.00,  162326.13
1951-06-01,  197168.00,   61615.00,  157310.66
1951-07-01,  192528.60,   62106.00,  156908.59
1951-08-01,  191973.70,   61927.00,  155811.02
1951-09-01,  203874.00,   61780.00,  156941.38
1951-10-01,  217714.00,   62204.00,  156183.70
1951-11-01,  217049.00,   62014.00,  156971.85
1951-12-01,  193616.70,   62457.00,  162472.63
1952-01-01,  199782.40,   62432.00,  158866.12
1952-02-01,  193498.90,   62419.00,  162769.35
1952-03-01,  178990.90,   61721.00,  155673.66
1952-04-01,  178988.00,   61720.00,  157863.23
1952-05-01,  186174.00,   62058.00,  152274.99
1952-06-01,  186309.00,   62103.00,  148925.41
1952-07-01,  198278.40,   61962.00,  142163.49
1952-08-01,  210381.80,   61877.00,  151230.56
1952-09-01,  193616.70,   62457.00,  164026.94
1952-10-01,  185913.00,   61971.00,  166889.28
1952-11-01,  174974.80,   62491.00,  174355.10
1952-12-01,  169076.70,   62621.00,  172856.34
1953-01-01,  183973.10,   63439.00,  164836.67
1953-02-01,  165152.00,   63520.00,  172938.91
1953-03-01,  165508.20,   63657.00,  173967.98
1953-04-01,  170550.90,   63167.00,  164146.80
1953-05-01,  156537.50,   62615.00,  164446.37
1953-06-01,  157657.50,   63063.00,  156175.10
1953-07-01,  163948.20,   63057.00,  145625.22
1953-08-01,  169603.20,   62816.00,  141476.87
1953-09-01,  181908.30,   62727.00,  136269.37
1953-10-01,  194887.70,   62867.00,  123795.12
1953-11-01,  220321.50,   62949.00,  111907.45
1953-12-01,  282577.50,   62795.00,  101515.20
1954-01-01,  309194.90,   63101.00,   94575.78
1954-02-01,  332768.80,   63994.00,   91055.45
1954-03-01,  363620.10,   63793.00,   87841.45
1954-04-01,  377210.60,   63934.00,   85811.13
1954-05-01,  375682.50,   63675.00,   82603.83
1954-06-01,  354720.80,   63343.00,   85424.52
1954-07-01,  367151.60,   63302.00,   84227.18
1954-08-01,  382242.00,   63707.00,   83931.12
1954-09-01,  391674.90,   64209.00,   80028.13
1954-10-01,  364435.20,   63936.00,   83826.88
1954-11-01,  337922.70,   63759.00,   89336.68
1954-12-01,  316560.00,   63312.00,   93022.50
1955-01-01,  313159.00,   63910.00,   97119.24
1955-02-01,  299371.20,   63696.00,   99626.58
1955-03-01,  293857.20,   63882.00,  107143.42
1955-04-01,  303450.80,   64564.00,  112882.94
1955-05-01,  276838.30,   64381.00,  119161.10
1955-06-01,  270824.40,   64482.00,  118629.76
1955-07-01,  260580.00,   65145.00,  128063.95
1955-08-01,  275440.20,   65581.00,  133854.70
1955-09-01,  269074.80,   65628.00,  133202.67
1955-10-01,  283030.30,   65821.00,  141037.46
1955-11-01,  277355.40,   66037.00,  141526.01
1955-12-01,  279069.00,   66445.00,  141028.12
1956-01-01,  265676.00,   66419.00,  146324.87
1956-02-01,  257883.60,   66124.00,  151065.24
1956-03-01,  277935.00,   66175.00,  137388.04
1956-04-01,  265056.00,   66264.00,  142659.65
1956-05-01,  286904.60,   66722.00,  139673.14
1956-06-01,  286818.60,   66702.00,  138241.00
1956-07-01,  293708.80,   66752.00,  131781.20
1956-08-01,  273359.30,   66673.00,  133139.36
1956-09-01,  260184.60,   66714.00,  136552.30
1956-10-01,  259529.40,   66546.00,  142216.39
1956-11-01,  286625.10,   66657.00,  137642.99
1956-12-01,  280140.00,   66700.00,  138693.07
1957-01-01,  278997.60,   66428.00,  137212.00
1957-02-01,  260828.10,   66879.00,  133012.24
1957-03-01,  247578.10,   66913.00,  130025.67
1957-04-01,  259923.30,   66647.00,  123969.29
1957-05-01,  273449.50,   66695.00,  122562.71
1957-06-01,  288323.60,   67052.00,  118725.70
1957-07-01,  282811.20,   67336.00,  118062.13
1957-08-01,  273494.60,   66706.00,  112164.59
1957-09-01,  295081.60,   67064.00,  110737.54
1957-10-01,  301797.00,   67066.00,   98071.39
1957-11-01,  342327.30,   67123.00,   90202.37
1957-12-01,  350469.60,   67398.00,   90384.23
1958-01-01,  389151.00,   67095.00,   83346.44
1958-02-01,  430086.40,   67201.00,   78636.46
1958-03-01,  450394.10,   67223.00,   74709.91
1958-04-01,  500587.80,   67647.00,   72032.21
1958-05-01,  502423.00,   67895.00,   71179.92
1958-06-01,  494020.20,   67674.00,   75595.79
1958-07-01,  508680.00,   67824.00,   77814.35
1958-08-01,  503473.80,   68037.00,   79597.20
1958-09-01,  482814.20,   68002.00,   79906.76
1958-10-01,  455901.50,   68045.00,   84054.05
1958-11-01,  419479.60,   67658.00,   87703.21
1958-12-01,  419988.00,   67740.00,   90490.81
1959-01-01,  407616.00,   67936.00,   90526.26
1959-02-01,  399129.10,   67649.00,   99574.40
1959-03-01,  381180.80,   68068.00,  104725.01
1959-04-01,  355362.80,   68339.00,  110812.09
1959-05-01,  347707.80,   68178.00,  112557.56
1959-06-01,  341390.00,   68278.00,  114555.16
1959-07-01,  349548.90,   68539.00,  114415.22
1959-08-01,  355846.40,   68432.00,  113840.57
1959-09-01,  376997.50,   68545.00,  114550.89
1959-10-01,  392279.70,   68821.00,  111919.37
1959-11-01,  397491.40,   68533.00,  113875.52
1959-12-01,  365668.20,   68994.00,  112824.35
1960-01-01,  358602.40,   68962.00,  114828.44
1960-02-01,  330955.20,   68949.00,  114828.44
1960-03-01,  369354.60,   68399.00,  109227.05
1960-04-01,  361810.80,   69579.00,  106426.36
1960-05-01,  355092.60,   69626.00,  106426.36
1960-06-01,  377643.60,   69934.00,  103625.67
1960-07-01,  383597.50,   69745.00,  100824.97
1960-08-01,  391109.60,   69841.00,   98024.28
1960-09-01,  385830.50,   70151.00,   95223.59
1960-10-01,  426292.40,   69884.00,   89622.20
1960-11-01,  429677.90,   70439.00,   89622.20
1960-12-01,  464607.00,   70395.00,   84020.81
1961-01-01,  464950.20,   70447.00,   84020.81
1961-02-01,  485898.00,   70420.00,   84020.81
1961-03-01,  487850.70,   70703.00,   84020.81
1961-04-01,  491869.00,   70267.00,   84020.81
1961-05-01,  500209.20,   70452.00,   89622.20
1961-06-01,  489058.20,   70878.00,   89622.20
1961-07-01,  493752.00,   70536.00,   92422.89
1961-08-01,  465524.40,   70534.00,   95223.59
1961-09-01,  470453.90,   70217.00,   98024.28
1961-10-01,  458198.00,   70492.00,  103625.67
1961-11-01,  429293.60,   70376.00,  106426.36
1961-12-01,  420462.00,   70077.00,  106426.36
1962-01-01,  407096.20,   70189.00,  112027.75
1962-02-01,  387249.50,   70409.00,  109227.05
1962-03-01,  394318.40,   70414.00,  109227.05
1962-04-01,  393556.80,   70278.00,  109227.05
1962-05-01,  388030.50,   70551.00,  112027.75
1962-06-01,  387827.00,   70514.00,  109227.05
1962-07-01,  379630.80,   70302.00,  109227.05
1962-08-01,  404591.70,   70981.00,  106426.36
1962-09-01,  398456.80,   71153.00,  106426.36
1962-10-01,  382951.80,   70917.00,  103625.67
1962-11-01,  403964.70,   70871.00,  103625.67
1962-12-01,  389697.00,   70854.00,  103625.67
1963-01-01,  405532.20,   71146.00,  106426.36
1963-02-01,  420445.80,   71262.00,  106426.36
1963-03-01,  407111.10,   71423.00,  106426.36
1963-04-01,  408672.90,   71697.00,  106426.36
1963-05-01,  423808.80,   71832.00,  103625.67
1963-06-01,  401105.60,   71626.00,  103625.67
1963-07-01,  402953.60,   71956.00,  106426.36
1963-08-01,  387644.40,   71786.00,  106426.36
1963-09-01,  396720.50,   72131.00,  106426.36
1963-10-01,  397545.50,   72281.00,  109227.05
1963-11-01,  412782.60,   72418.00,  106426.36
1963-12-01,  397034.00,   72188.00,  112027.75
1964-01-01,  405193.60,   72356.00,  112027.75
1964-02-01,  392488.20,   72683.00,  112027.75
1964-03-01,  392650.20,   72713.00,  112027.75
1964-04-01,  388352.20,   73274.00,  117629.14
1964-05-01,  374314.50,   73395.00,  117629.14
1964-06-01,  379766.40,   73032.00,  120429.83
1964-07-01,  357734.30,   73007.00,  126031.22
1964-08-01,  365590.00,   73118.00,  123230.52
1964-09-01,  373779.00,   73290.00,  126031.22
1964-10-01,  373870.80,   73308.00,  126031.22
1964-11-01,  351772.80,   73286.00,  131632.60
1964-12-01,  367325.00,   73465.00,  131632.60
1965-01-01,  360488.10,   73569.00,  131632.60
1965-02-01,  376670.70,   73857.00,  137233.99
1965-03-01,  347560.30,   73949.00,  140034.68
1965-04-01,  356294.40,   74228.00,  142835.38
1965-05-01,  342543.60,   74466.00,  148436.77
1965-06-01,  342295.20,   74412.00,  148436.77
1965-07-01,  328948.40,   74761.00,  148436.77
1965-08-01,  328310.40,   74616.00,  154038.15
1965-09-01,  320358.60,   74502.00,  159639.54
1965-10-01,  314319.60,   74838.00,  165240.93
1965-11-01,  306667.70,   74797.00,  176443.70
1965-12-01,  300372.00,   75093.00,  179244.40
1966-01-01,  300744.00,   75186.00,  182045.09
1966-02-01,  284825.20,   74954.00,  184845.78
1966-03-01,  285285.00,   75075.00,  196048.56
1966-04-01,  286284.40,   75338.00,  187646.48
1966-05-01,  294243.30,   75447.00,  190447.17
1966-06-01,  287458.60,   75647.00,  193247.87
1966-07-01,  287796.80,   75736.00,  193247.87
1966-08-01,  288974.80,   76046.00,  190447.17
1966-09-01,  281407.20,   76056.00,  187646.48
1966-10-01,  281936.30,   76199.00,  187646.48
1966-11-01,  275796.00,   76610.00,  187646.48
1966-12-01,  291235.80,   76641.00,  184845.78
1967-01-01,  298892.10,   76639.00,  187646.48
1967-02-01,  290779.80,   76521.00,  184845.78
1967-03-01,  290046.40,   76328.00,  179244.40
1967-04-01,  291752.60,   76777.00,  182045.09
1967-05-01,  291737.40,   76773.00,  179244.40
1967-06-01,  301353.00,   77270.00,  179244.40
1967-07-01,  294363.20,   77464.00,  176443.70
1967-08-01,  295305.60,   77712.00,  182045.09
1967-09-01,  295685.60,   77812.00,  179244.40
1967-10-01,  312776.00,   78194.00,  184845.78
1967-11-01,  304944.90,   78191.00,  182045.09
1967-12-01,  298265.80,   78491.00,  184845.78
1968-01-01,  287038.60,   77578.00,  187646.48
1968-02-01,  297274.00,   78230.00,  184845.78
1968-03-01,  289547.20,   78256.00,  187646.48
1968-04-01,  273945.00,   78270.00,  193247.87
1968-05-01,  275964.50,   78847.00,  193247.87
1968-06-01,  292744.00,   79120.00,  193247.87
1968-07-01,  292189.00,   78970.00,  198849.25
1968-08-01,  275838.50,   78811.00,  201649.95
1968-09-01,  268117.20,   78858.00,  204450.64
1968-10-01,  268304.20,   78913.00,  215653.41
1968-11-01,  269310.60,   79209.00,  215653.41
1968-12-01,  270174.20,   79463.00,  212852.72
1969-01-01,  270378.20,   79523.00,  221254.80
1969-02-01,  272064.60,   80019.00,  221254.80
1969-03-01,  272268.60,   80079.00,  224055.50
1969-04-01,  272955.40,   80281.00,  224055.50
1969-05-01,  272425.00,   80125.00,  224055.50
1969-06-01,  282436.00,   80696.00,  218454.11
1969-07-01,  282894.50,   80827.00,  215653.41
1969-08-01,  283871.00,   81106.00,  212852.72
1969-09-01,  300773.00,   81290.00,  224055.50
1969-10-01,  301527.80,   81494.00,  221254.80
1969-11-01,  284889.50,   81397.00,  215653.41
1969-12-01,  285684.00,   81624.00,  210052.03
1970-01-01,  319725.90,   81981.00,  198849.25
1970-02-01,  345034.20,   82151.00,  198849.25
1970-03-01,  362991.20,   82498.00,  187646.48
1970-04-01,  380544.20,   82727.00,  182045.09
1970-05-01,  395918.40,   82483.00,  170842.32
1970-06-01,  404171.60,   82484.00,  168041.62
1970-07-01,  414505.00,   82901.00,  162440.23
1970-08-01,  422688.00,   82880.00,  159639.54
1970-09-01,  447951.60,   82954.00,  156838.85
1970-10-01,  458018.00,   83276.00,  148436.77
1970-11-01,  492933.20,   83548.00,  148436.77
1970-12-01,  510387.00,   83670.00,  148436.77
1971-01-01,  494715.00,   83850.00,  142835.38
1971-02-01,  493257.70,   83603.00,  145636.07
1971-03-01,  501450.00,   83575.00,  145636.07
1971-04-01,  495281.40,   83946.00,  145636.07
1971-05-01,  496396.50,   84135.00,  148436.77
1971-06-01,  493865.40,   83706.00,  154038.15
1971-07-01,  506040.00,   84340.00,  151237.46
1971-08-01,  516505.30,   84673.00,  154038.15
1971-09-01,  508386.00,   84731.00,  151237.46
1971-10-01,  492257.60,   84872.00,  154038.15
1971-11-01,  512748.00,   85458.00,  156838.85
1971-12-01,  513750.00,   85625.00,  156838.85
1972-01-01,  498672.40,   85978.00,  165240.93
1972-02-01,  490405.20,   86036.00,  168041.62
1972-03-01,  502343.80,   86611.00,  173643.01
1972-04-01,  493699.80,   86614.00,  173643.01
1972-05-01,  494811.30,   86809.00,  179244.40
1972-06-01,  495934.20,   87006.00,  179244.40
1972-07-01,  488000.80,   87143.00,  184845.78
1972-08-01,  490095.20,   87517.00,  190447.17
1972-09-01,  480656.00,   87392.00,  193247.87
1972-10-01,  489949.60,   87491.00,  201649.95
1972-11-01,  464237.60,   87592.00,  204450.64
1972-12-01,  457303.60,   87943.00,  224055.50
1973-01-01,  428686.30,   87487.00,  229656.88
1973-02-01,  441820.00,   88364.00,  229656.88
1973-03-01,  435345.40,   88846.00,  229656.88
1973-04-01,  445090.00,   89018.00,  226856.19
1973-05-01,  435987.30,   88977.00,  229656.88
1973-06-01,  438785.20,   89548.00,  229656.88
1973-07-01,  430099.20,   89604.00,  235258.27
1973-08-01,  429643.20,   89509.00,  229656.88
1973-09-01,  431222.40,   89838.00,  226856.19
1973-10-01,  414602.60,   90131.00,  229656.88
1973-11-01,  435436.80,   90716.00,  229656.88
1973-12-01,  445361.00,   90890.00,  221254.80
1974-01-01,  465114.90,   91199.00,  218454.11
1974-02-01,  475722.00,   91485.00,  215653.41
1974-03-01,  466410.30,   91453.00,  215653.41
1974-04-01,  465563.70,   91287.00,  221254.80
1974-05-01,  467139.60,   91596.00,  218454.11
1974-06-01,  496087.20,   91868.00,  212852.72
1974-07-01,  507166.00,   92212.00,  207251.33
1974-08-01,  506324.50,   92059.00,  201649.95
1974-09-01,  545679.20,   92488.00,  193247.87
1974-10-01,  555108.00,   92518.00,  179244.40
1974-11-01,  612255.60,   92766.00,  165240.93
1974-12-01,  668016.00,   92780.00,  151237.46
1975-01-01,  754336.80,   93128.00,  142835.38
1975-02-01,  751485.60,   92776.00,  140034.68
1975-03-01,  801219.00,   93165.00,  137233.99
1975-04-01,  821911.20,   93399.00,  137233.99
1975-05-01,  844956.00,   93884.00,  137233.99
1975-06-01,  823460.00,   93575.00,  145636.07
1975-07-01,  808580.60,   94021.00,  148436.77
1975-08-01,  790960.80,   94162.00,  145636.07
1975-09-01,  791296.80,   94202.00,  151237.46
1975-10-01,  791842.80,   94267.00,  151237.46
1975-11-01,  782275.00,   94250.00,  156838.85
1975-12-01,  774153.80,   94409.00,  156838.85
1976-01-01,  749978.60,   94934.00,  159639.54
1976-02-01,  731484.60,   94998.00,  168041.62
1976-03-01,  723634.00,   95215.00,  170842.32
1976-04-01,  737244.20,   95746.00,  168041.62
1976-05-01,  709267.80,   95847.00,  173643.01
1976-06-01,  728726.00,   95885.00,  173643.01
1976-07-01,  753347.40,   96583.00,  173643.01
1976-08-01,  754579.80,   96741.00,  173643.01
1976-09-01,  733802.80,   96553.00,  170842.32
1976-10-01,  744620.80,   96704.00,  173643.01
1976-11-01,  758581.20,   97254.00,  179244.40
1976-12-01,  759314.40,   97348.00,  184845.78
1977-01-01,  729060.00,   97208.00,  190447.17
1977-02-01,  743166.00,   97785.00,  190447.17
1977-03-01,  726051.00,   98115.00,  196048.56
1977-04-01,  707976.00,   98330.00,  201649.95
1977-05-01,  690655.00,   98665.00,  207251.33
1977-06-01,  713469.60,   99093.00,  210052.03
1977-07-01,  682499.70,   98913.00,  215653.41
1977-08-01,  695562.00,   99366.00,  221254.80
1977-09-01,  676280.40,   99453.00,  218454.11
1977-10-01,  678742.00,   99815.00,  229656.88
1977-11-01,  683916.80,  100576.00,  238058.96
1977-12-01,  643142.40,  100491.00,  246461.05
1978-01-01,  645587.20,  100873.00,  246461.05
1978-02-01,  635273.10,  100837.00,  249261.74
1978-03-01,  636879.60,  101092.00,  254863.13
1978-04-01,  619601.40,  101574.00,  271667.29
1978-05-01,  611376.00,  101896.00,  268866.59
1978-06-01,  603988.90,  102371.00,  271667.29
1978-07-01,  634873.80,  102399.00,  268866.59
1978-08-01,  604814.90,  102511.00,  274467.98
1978-09-01,  616770.00,  102795.00,  277268.68
1978-10-01,  597864.00,  103080.00,  288471.45
1978-11-01,  611015.80,  103562.00,  285670.76
1978-12-01,  622854.00,  103809.00,  288471.45
1979-01-01,  613936.30,  104057.00,  285670.76
1979-02-01,  616561.80,  104502.00,  280069.37
1979-03-01,  606616.20,  104589.00,  280069.37
1979-04-01,  604197.60,  104172.00,  291272.14
1979-05-01,  583357.60,  104171.00,  288471.45
1979-06-01,  596436.60,  104638.00,  282870.06
1979-07-01,  598511.40,  105002.00,  282870.06
1979-08-01,  630576.00,  105096.00,  285670.76
1979-09-01,  622627.00,  105530.00,  294072.84
1979-10-01,  634200.00,  105700.00,  296873.53
1979-11-01,  624290.80,  105812.00,  280069.37
1979-12-01,  637548.00,  106258.00,  277268.68
1980-01-01,  671340.60,  106562.00,  271667.29
1980-02-01,  672191.10,  106697.00,  263265.21
1980-03-01,  670584.60,  106442.00,  260464.51
1980-04-01,  735477.90,  106591.00,  229656.88
1980-05-01,  801967.50,  106929.00,  212852.72
1980-06-01,  811528.00,  106780.00,  215653.41
1980-07-01,  835840.20,  107159.00,  215653.41
1980-08-01,  824708.50,  107105.00,  218454.11
1980-09-01,  803235.00,  107098.00,  226856.19
1980-10-01,  805537.50,  107405.00,  226856.19
1980-11-01,  806760.00,  107568.00,  235258.27
1980-12-01,  772934.40,  107352.00,  226856.19
1981-01-01,  810195.00,  108026.00,  224055.50
1981-02-01,  800990.80,  108242.00,  226856.19
1981-03-01,  803292.20,  108553.00,  226856.19
1981-04-01,  784260.00,  108925.00,  226856.19
1981-05-01,  819165.00,  109222.00,  224055.50
1981-06-01,  812970.00,  108396.00,  224055.50
1981-07-01,  781603.20,  108556.00,  224055.50
1981-08-01,  804565.00,  108725.00,  221254.80
1981-09-01,  823034.40,  108294.00,  210052.03
1981-10-01,  861289.60,  109024.00,  198849.25
1981-11-01,  906658.80,  109236.00,  196048.56
1981-12-01,  925752.00,  108912.00,  187646.48
1982-01-01,  938165.40,  109089.00,  187646.48
1982-02-01,  974256.30,  109467.00,  179244.40
1982-03-01,  986103.00,  109567.00,  173643.01
1982-04-01, 1021326.00,  109820.00,  168041.62
1982-05-01, 1038239.40,  110451.00,  165240.93
1982-06-01, 1056777.60,  110081.00,  156838.85
1982-07-01, 1081351.60,  110342.00,  148436.77
1982-08-01, 1083037.20,  110514.00,  145636.07
1982-09-01, 1118282.10,  110721.00,  137233.99
1982-10-01, 1151737.60,  110744.00,  137233.99
1982-11-01, 1199340.00,  111050.00,  140034.68
1982-12-01, 1199696.40,  111083.00,  142835.38
1983-01-01, 1151228.00,  110695.00,  145636.07
1983-02-01, 1150593.60,  110634.00,  145636.07
1983-03-01, 1139046.10,  110587.00,  151237.46
1983-04-01, 1130445.60,  110828.00,  154038.15
1983-05-01, 1119039.60,  110796.00,  168041.62
1983-06-01, 1129977.90,  111879.00,  168041.62
1983-07-01, 1050506.40,  111756.00,  179244.40
1983-08-01, 1066194.50,  112231.00,  182045.09
1983-09-01, 1033141.60,  112298.00,  187646.48
1983-10-01,  984948.80,  111926.00,  201649.95
1983-11-01,  953938.00,  112228.00,  204450.64
1983-12-01,  932314.10,  112327.00,  212852.72
1984-01-01,  897672.00,  112209.00,  218454.11
1984-02-01,  878397.00,  112615.00,  226856.19
1984-03-01,  879161.40,  112713.00,  226856.19
1984-04-01,  870854.60,  113098.00,  238058.96
1984-05-01,  841002.60,  113649.00,  240859.66
1984-06-01,  819482.40,  113817.00,  243660.35
1984-07-01,  854790.00,  113972.00,  249261.74
1984-08-01,  852615.00,  113682.00,  240859.66
1984-09-01,  831156.10,  113857.00,  246461.05
1984-10-01,  843740.60,  114019.00,  249261.74
1984-11-01,  822024.00,  114170.00,  246461.05
1984-12-01,  836441.30,  114581.00,  254863.13
1985-01-01,  837492.50,  114725.00,  249261.74
1985-02-01,  827107.20,  114876.00,  252062.43
1985-03-01,  830361.60,  115328.00,  257663.82
1985-04-01,  841916.30,  115331.00,  254863.13
1985-05-01,  829684.80,  115234.00,  257663.82
1985-06-01,  850741.00,  114965.00,  257663.82
1985-07-01,  853368.00,  115320.00,  254863.13
1985-08-01,  818566.10,  115291.00,  257663.82
1985-09-01,  822925.50,  115905.00,  260464.51
1985-10-01,  824629.50,  116145.00,  257663.82
1985-11-01,  812945.00,  116135.00,  260464.51
1985-12-01,  814478.00,  116354.00,  252062.43
1986-01-01,  781769.40,  116682.00,  254863.13
1986-02-01,  841550.40,  116882.00,  254863.13
1986-03-01,  843984.00,  117220.00,  254863.13
1986-04-01,  832943.60,  117316.00,  254863.13
1986-05-01,  846201.60,  117528.00,  252062.43
1986-06-01,  850204.80,  118084.00,  257663.82
1986-07-01,  826903.00,  118129.00,  254863.13
1986-08-01,  815235.00,  118150.00,  257663.82
1986-09-01,  828765.00,  118395.00,  260464.51
1986-10-01,  829612.00,  118516.00,  260464.51
1986-11-01,  818574.60,  118634.00,  271667.29
1986-12-01,  782832.60,  118611.00,  257663.82
1987-01-01,  784377.00,  118845.00,  254863.13
1987-02-01,  786205.20,  119122.00,  266065.90
1987-03-01,  787182.00,  119270.00,  277268.68
1987-04-01,  751816.80,  119336.00,  271667.29
1987-05-01,  756050.40,  120008.00,  277268.68
1987-06-01,  741792.80,  119644.00,  280069.37
1987-07-01,  731402.20,  119902.00,  280069.37
1987-08-01,  721908.00,  120318.00,  291272.14
1987-09-01,  708064.90,  120011.00,  288471.45
1987-10-01,  723054.00,  120509.00,  291272.14
1987-11-01,  699132.00,  120540.00,  296873.53
1987-12-01,  688155.30,  120729.00,  282870.06
1988-01-01,  689523.30,  120969.00,  285670.76
1988-02-01,  690589.20,  121156.00,  285670.76
1988-03-01,  689204.10,  120913.00,  291272.14
1988-04-01,  654755.40,  121251.00,  285670.76
1988-05-01,  677997.60,  121071.00,  294072.84
1988-06-01,  655954.20,  121473.00,  285670.76
1988-07-01,  656991.00,  121665.00,  291272.14
1988-08-01,  683900.00,  122125.00,  291272.14
1988-09-01,  658584.00,  121960.00,  280069.37
1988-10-01,  659912.40,  122206.00,  291272.14
1988-11-01,  649976.10,  122637.00,  285670.76
1988-12-01,  649896.60,  122622.00,  291272.14
1989-01-01,  666306.00,  123390.00,  291272.14
1989-02-01,  640302.00,  123135.00,  288471.45
1989-03-01,  616135.00,  123227.00,  277268.68
1989-04-01,  642538.00,  123565.00,  288471.45
1989-05-01,  642064.80,  123474.00,  274467.98
1989-06-01,  657173.50,  123995.00,  268866.59
1989-07-01,  644628.40,  123967.00,  268866.59
1989-08-01,  645663.20,  124166.00,  266065.90
1989-09-01,  656903.20,  123944.00,  266065.90
1989-10-01,  658318.30,  124211.00,  271667.29
1989-11-01,  673039.80,  124637.00,  263265.21
1989-12-01,  672283.80,  124497.00,  268866.59
1990-01-01,  679498.20,  125833.00,  271667.29
1990-02-01,  666263.00,  125710.00,  257663.82
1990-03-01,  654165.20,  125801.00,  252062.43
1990-04-01,  678504.60,  125649.00,  252062.43
1990-05-01,  679822.20,  125893.00,  240859.66
1990-06-01,  652979.60,  125573.00,  240859.66
1990-07-01,  691526.00,  125732.00,  238058.96
1990-08-01,  718143.00,  125990.00,  229656.88
1990-09-01,  742762.80,  125892.00,  226856.19
1990-10-01,  743370.50,  125995.00,  210052.03
1990-11-01,  781634.00,  126070.00,  198849.25
1990-12-01,  794694.60,  126142.00,  198849.25
1991-01-01,  806112.00,  125955.00,  187646.48
1991-02-01,  831732.00,  126020.00,  179244.40
1991-03-01,  858418.40,  126238.00,  176443.70
1991-04-01,  847871.60,  126548.00,  176443.70
1991-05-01,  870614.40,  126176.00,  170842.32
1991-06-01,  871683.90,  126331.00,  179244.40
1991-07-01,  857847.20,  126154.00,  170842.32
1991-08-01,  870435.00,  126150.00,  168041.62
1991-09-01,  873885.00,  126650.00,  173643.01
1991-10-01,  886494.00,  126642.00,  165240.93
1991-11-01,  886907.00,  126701.00,  168041.62
1991-12-01,  924647.20,  126664.00,  168041.62
1992-01-01,  929005.30,  127261.00,  165240.93
1992-02-01,  941331.80,  127207.00,  170842.32
1992-03-01,  944269.60,  127604.00,  179244.40
1992-04-01,  946023.40,  127841.00,  170842.32
1992-05-01,  973704.40,  128119.00,  176443.70
1992-06-01, 1001980.20,  128459.00,  176443.70
1992-07-01,  989935.10,  128563.00,  170842.32
1992-08-01,  977458.80,  128613.00,  176443.70
1992-09-01,  976607.60,  128501.00,  173643.01
1992-10-01,  934589.80,  128026.00,  173643.01
1992-11-01,  950463.40,  128441.00,  184845.78
1992-12-01,  951299.60,  128554.00,  182045.09
1993-01-01,  937320.00,  128400.00,  184845.78
1993-02-01,  912051.80,  128458.00,  187646.48
1993-03-01,  900186.00,  128598.00,  184845.78
1993-04-01,  912946.40,  128584.00,  182045.09
1993-05-01,  917774.40,  129264.00,  190447.17
1993-06-01,  905877.00,  129411.00,  187646.48
1993-07-01,  892839.30,  129397.00,  190447.17
1993-08-01,  881409.20,  129619.00,  198849.25
1993-09-01,  866095.60,  129268.00,  198849.25
1993-10-01,  881096.40,  129573.00,  207251.33
1993-11-01,  856092.60,  129711.00,  207251.33
1993-12-01,  844616.50,  129941.00,  210052.03
1994-01-01,  861933.60,  130596.00,  212852.72
1994-02-01,  862415.40,  130669.00,  221254.80
1994-03-01,  847600.00,  130400.00,  224055.50
1994-04-01,  835974.40,  130621.00,  224055.50
1994-05-01,  797751.90,  130779.00,  232457.58
1994-06-01,  796422.10,  130561.00,  226856.19
1994-07-01,  796977.20,  130652.00,  238058.96
1994-08-01,  787650.00,  131275.00,  229656.88
1994-09-01,  775383.90,  131421.00,  232457.58
1994-10-01,  764115.20,  131744.00,  246461.05
1994-11-01,  738589.60,  131891.00,  243660.35
1994-12-01,  725730.50,  131951.00,  252062.43
1995-01-01,  739412.80,  132038.00,  243660.35
1995-02-01,  713421.00,  132115.00,  244136.47
1995-03-01,  713383.20,  132108.00,  239011.20
1995-04-01,  769022.00,  132590.00,  242344.03
1995-05-01,  738365.60,  131851.00,  225903.95
1995-06-01,  738914.40,  131949.00,  229208.77
1995-07-01,  754355.10,  132343.00,  241055.71
1995-08-01,  754315.20,  132336.00,  238759.14
1995-09-01,  742621.60,  132611.00,  239291.27
1995-10-01,  729938.00,  132716.00,  242708.12
1995-11-01,  742638.40,  132614.00,  234698.13
1995-12-01,  742061.60,  132511.00,  255339.24
1996-01-01,  742649.60,  132616.00,  241587.84
1996-02-01,  731236.00,  132952.00,  236434.56
1996-03-01,  732490.00,  133180.00,  242820.14
1996-04-01,  747090.40,  133409.00,  237638.86
1996-05-01,  748535.20,  133667.00,  229544.86
1996-06-01,  708594.10,  133697.00,  250550.06
1996-07-01,  738562.00,  134284.00,  236630.61
1996-08-01,  683675.40,  134054.00,  237302.78
1996-09-01,  699478.00,  134515.00,  249737.86
1996-10-01,  701589.20,  134921.00,  238675.12
1996-11-01,  729037.80,  135007.00,  257103.68
1996-12-01,  729610.20,  135113.00,  254919.14
1997-01-01,  717916.80,  135456.00,  252734.60
1997-02-01,  704080.00,  135400.00,  262453.01
1997-03-01,  706633.20,  135891.00,  260296.47
1997-04-01,  693681.60,  136016.00,  258139.94
1997-05-01,  666983.10,  136119.00,  243940.42
1997-06-01,  681055.00,  136211.00,  265897.86
1997-07-01,  668737.30,  136477.00,  257719.83
1997-08-01,  655766.40,  136618.00,  261668.81
1997-09-01,  669707.50,  136675.00,  274804.07
1997-10-01,  642175.10,  136633.00,  269678.80
1997-11-01,  630020.60,  136961.00,  286034.85
1997-12-01,  644628.50,  137155.00,  268586.53
1998-01-01,  630637.00,  137095.00,  278921.09
1998-02-01,  630715.20,  137112.00,  286230.90
1998-03-01,  645009.20,  137236.00,  284242.40
1998-04-01,  589745.00,  137150.00,  285390.69
1998-05-01,  604436.80,  137372.00,  286566.98
1998-06-01,  618547.50,  137455.00,  281441.71
1998-07-01,  619146.00,  137588.00,  282618.00
1998-08-01,  619065.00,  137570.00,  287043.10
1998-09-01,  636115.60,  138286.00,  275504.24
1998-10-01,  622255.50,  138279.00,  273515.75
1998-11-01,  608876.40,  138381.00,  287687.26
1998-12-01,  609989.60,  138634.00,  282533.98
1999-01-01,  597712.90,  139003.00,  300178.35
1999-02-01,  611454.80,  138967.00,  304911.52
1999-03-01,  582666.00,  138730.00,  293232.63
1999-04-01,  597523.70,  138959.00,  291384.17
1999-05-01,  584249.40,  139107.00,  296173.36
1999-06-01,  599114.70,  139329.00,  284326.42
1999-07-01,  599587.70,  139439.00,  289171.62
1999-08-01,  585606.00,  139430.00,  290712.01
1999-09-01,  586412.40,  139622.00,  282113.88
1999-10-01,  573061.10,  139771.00,  293904.80
1999-11-01,  574102.50,  140025.00,  292112.35
1999-12-01,  560708.00,  140177.00,  297237.62
2000-01-01,  569068.00,  142267.00,  312865.49
2000-02-01,  584069.60,  142456.00,  318214.82
2000-03-01,  569736.00,  142434.00,  313089.55
2000-04-01,  542453.80,  142751.00,  314994.02
2000-05-01,  569552.00,  142388.00,  295585.21
2000-06-01,  570364.00,  142591.00,  290291.90
2000-07-01,  569112.00,  142278.00,  295753.25
2000-08-01,  584307.40,  142514.00,  279509.23
2000-09-01,  555820.20,  142518.00,  288667.50
2000-10-01,  556225.80,  142622.00,  286931.07
2000-11-01,  557551.80,  142962.00,  277772.80
2000-12-01,  558667.20,  143248.00,  290880.05
2001-01-01,  603960.00,  143800.00,  330740.93
2001-02-01,  603544.20,  143701.00,  286089.37
2001-03-01,  618873.20,  143924.00,  280254.57
2001-04-01,  631703.60,  143569.00,  301014.17
2001-05-01,  616267.40,  143318.00,  279456.13
2001-06-01,  645106.50,  143357.00,  262873.02
2001-07-01,  660808.40,  143654.00,  276323.76
2001-08-01,  702091.60,  143284.00,  253905.85
2001-09-01,  719945.00,  143989.00,  244140.24
2001-10-01,  763655.80,  144086.00,  221415.24
2001-11-01,  793320.00,  144240.00,  208025.91
2001-12-01,  822538.50,  144305.00,  207903.07
2002-01-01,  820133.10,  143883.00,  230873.75
2002-02-01,  824522.10,  144653.00,  207104.63
2002-03-01,  823541.70,  144481.00,  218098.62
2002-04-01,  853877.50,  144725.00,  213246.52
2002-05-01,  840640.40,  144938.00,  220862.47
2002-06-01,  839886.40,  144808.00,  206674.70
2002-07-01,  839857.40,  144803.00,  209499.97
2002-08-01,  826551.30,  145009.00,  214352.06
2002-09-01,  829646.40,  145552.00,  203173.82
2002-10-01,  828289.80,  145314.00,  217115.91
2002-11-01,  855741.90,  145041.00,  209745.64
2002-12-01,  870396.00,  145066.00,  180755.91
2003-01-01,  846434.60,  145937.00,  234865.98
2003-02-01,  861990.00,  146100.00,  207657.40
2003-03-01,  861529.80,  146022.00,  187450.57
2003-04-01,  878844.00,  146474.00,  205139.22
2003-05-01,  893650.00,  146500.00,  198567.40
2003-06-01,  926452.80,  147056.00,  204770.71
2003-07-01,  908207.00,  146485.00,  200839.90
2003-08-01,  893314.50,  146445.00,  201638.34
2003-09-01,  893833.00,  146530.00,  188801.79
2003-10-01,  880296.00,  146716.00,  196847.67
2003-11-01,  852600.00,  147000.00,  193899.56
2003-12-01,  836355.30,  146729.00,  197400.44
2004-01-01,  836999.40,  146842.00,  212448.08
2004-02-01,  821570.40,  146709.00,  208947.20
2004-03-01,  852275.20,  146944.00,  207595.98
2004-04-01,  822360.00,  146850.00,  222889.29
2004-05-01,  823564.00,  147065.00,  224793.28
2004-06-01,  825776.00,  147460.00,  210298.41
2004-07-01,  812306.00,  147692.00,  241622.07
2004-08-01,  796845.60,  147564.00,  222275.10
2004-09-01,  796041.00,  147415.00,  229829.63
2004-10-01,  812861.50,  147793.00,  232900.58
2004-11-01,  800074.80,  148162.00,  198874.49
2004-12-01,  799518.60,  148059.00,  224179.09
2005-01-01,  784553.70,  148029.00,  225407.47
2005-02-01,  801165.60,  148364.00,  236155.78
2005-03-01,  771633.20,  148391.00,  235295.92
2005-04-01,  774415.20,  148926.00,  260600.52
2005-05-01,  761231.10,  149261.00,  238551.12
2005-06-01,  746190.00,  149238.00,  247026.93
2005-07-01,  747160.00,  149432.00,  265268.35
2005-08-01,  733917.10,  149779.00,  250159.30
2005-09-01,  749770.00,  149954.00,  260232.00
2005-10-01,  750005.00,  150001.00,  262688.76
2005-11-01,  750325.00,  150065.00,  259187.88
2005-12-01,  735147.00,  150030.00,  249606.53
2006-01-01,  706005.80,  150214.00,  263978.56
2006-02-01,  723076.80,  150641.00,  259740.65
2006-03-01,  708821.10,  150813.00,  275955.25
2006-04-01,  709140.70,  150881.00,  287440.59
2006-05-01,  694917.40,  151069.00,  269567.68
2006-06-01,  696228.40,  151354.00,  267110.92
2006-07-01,  711471.90,  151377.00,  255134.23
2006-08-01,  713065.20,  151716.00,  280070.32
2006-09-01,  682479.00,  151662.00,  277367.88
2006-10-01,  668980.40,  152041.00,  274665.45
2006-11-01,  685827.00,  152406.00,  266619.57
2006-12-01,  672020.80,  152732.00,  262750.18
2007-01-01,  704462.40,  153144.00,  284369.64
2007-02-01,  688423.50,  152983.00,  274235.52
2007-03-01,  673424.40,  153051.00,  286580.72
2007-04-01,  685957.50,  152435.00,  296284.91
2007-05-01,  671748.00,  152670.00,  279456.13
2007-06-01,  703988.60,  153041.00,  283018.42
2007-07-01,  719353.80,  153054.00,  275770.99
2007-08-01,  702645.40,  152749.00,  279763.22
2007-09-01,  721045.80,  153414.00,  277797.82
2007-10-01,  719960.10,  153183.00,  264101.39
2007-11-01,  723024.50,  153835.00,  255257.07
2007-12-01,  769590.00,  153918.00,  253230.24
2008-01-01,  770315.00,  154063.00,  261644.64
2008-02-01,  752899.70,  153653.00,  248255.31
2008-03-01,  784930.80,  153908.00,  245737.13
2008-04-01,  768845.00,  153769.00,  251694.77
2008-05-01,  833236.20,  154303.00,  243218.96
2008-06-01,  864152.80,  154313.00,  231365.11
2008-07-01,  895920.20,  154469.00,  234681.73
2008-08-01,  943310.10,  154641.00,  225100.37
2008-09-01,  942877.00,  154570.00,  200471.38
2008-10-01, 1006694.00,  154876.00,  202191.11
2008-11-01, 1051545.20,  154639.00,  181554.35
2008-12-01, 1128981.50,  154655.00,  173815.57
2009-01-01, 1202838.00,  154210.00,  169946.18
2009-02-01, 1282665.40,  154538.00,  171420.23
2009-03-01, 1340957.10,  154133.00,  152994.55
2009-04-01, 1390581.00,  154509.00,  144764.42
2009-05-01, 1454621.80,  154747.00,  149063.74
2009-06-01, 1469802.00,  154716.00,  149125.16
2009-07-01, 1467769.00,  154502.00,  134875.97
2009-08-01, 1481347.20,  154307.00,  141632.05
2009-09-01, 1507504.60,  153827.00,  152196.11
2009-10-01, 1537840.00,  153784.00,  147405.43
2009-11-01, 1523392.20,  153878.00,  144334.48
2009-12-01, 1515798.90,  153111.00,  147835.36
2010-01-01, 1504143.20,  153484.00,  161900.30
2010-02-01, 1506201.20,  153694.00,  158338.00
2010-03-01, 1524144.60,  153954.00,  163742.86
2010-04-01, 1530757.80,  154622.00,  197768.95
2010-05-01, 1479273.60,  154091.00,  177562.12
2010-06-01, 1443990.40,  153616.00,  163620.03
2010-07-01, 1444695.40,  153691.00,  182107.12
2010-08-01, 1463817.00,  154086.00,  179343.27
2010-09-01, 1462762.50,  153975.00,  169946.18
2010-10-01, 1444169.00,  153635.00,  186283.61
2010-11-01, 1510425.00,  154125.00,  178974.76
2010-12-01, 1428945.00,  153650.00,  175473.88
2011-01-01, 1394693.30,  153263.00,  180510.23
2011-02-01, 1378926.00,  153214.00,  187696.25
2011-03-01, 1380384.00,  153376.00,  192241.25
2011-04-01, 1397241.30,  153543.00,  201884.02
2011-05-01, 1381311.00,  153479.00,  191258.54
2011-06-01, 1395448.60,  153346.00,  198014.63
2011-07-01, 1379592.00,  153288.00,  213430.78
2011-08-01, 1383840.00,  153760.00,  194575.17
2011-09-01, 1387179.00,  154131.00,  214659.16
2011-10-01, 1354856.80,  153961.00,  210114.16
2011-11-01, 1325500.80,  154128.00,  193653.88
2011-12-01, 1308957.50,  153995.00,  206920.37
2012-01-01, 1281113.30,  154351.00,  225038.96
2012-02-01, 1283968.50,  154695.00,  215027.67
2012-03-01, 1269097.60,  154768.00,  236585.71
2012-04-01, 1267367.40,  154557.00,  224977.54
2012-05-01, 1269843.80,  154859.00,  227618.55
2012-06-01, 1271688.80,  155084.00,  232900.58
2012-07-01, 1270532.60,  154943.00,  226881.52
2012-08-01, 1253499.30,  154753.00,  224486.19
2012-09-01, 1210310.40,  155168.00,  216993.08
2012-10-01, 1213204.20,  155539.00,  228048.48
2012-11-01, 1196241.20,  155356.00,  218405.71
2012-12-01, 1229216.30,  155597.00,  219634.09
2013-01-01, 1245328.00,  155666.00,  227987.06
2013-02-01, 1195910.10,  155313.00,  243955.99
2013-03-01, 1162755.00,  155034.00,  239595.24
2013-04-01, 1180774.00,  155365.00,  243341.80
2013-05-01, 1166122.50,  155483.00,  238673.96
2013-06-01, 1168147.50,  155753.00,  240332.27
2013-07-01, 1136332.60,  155662.00,  240455.11
2013-08-01, 1135646.40,  155568.00,  240823.62
2013-09-01, 1136967.70,  155749.00,  244754.43
2013-10-01, 1113796.80,  154694.00,  252063.28
2013-11-01, 1071928.80,  155352.00,  238182.61
2013-12-01, 1039056.10,  155083.00,  229829.63
2014-01-01, 1024881.00,  155285.00,  238551.12
2014-02-01, 1042252.00,  155560.00,  251694.77
2014-03-01, 1046452.90,  156187.00,  258082.34
2014-04-01,  963331.20,  155376.00,  280991.60
2014-05-01,  964168.20,  155511.00,  282711.33
2014-06-01,  949672.40,  155684.00,  288054.78
2014-07-01,  967758.00,  156090.00,  287440.59
2014-08-01,  967696.00,  156080.00,  304146.54
2014-09-01,  936774.00,  156129.00,  286089.37
2014-10-01,  891269.10,  156363.00,  300707.08
2014-11-01,  907363.60,  156442.00,  289958.76
2014-12-01,  874395.20,  156142.00,  295732.14
2015-01-01,  895042.50,  157025.00,  305374.91
2015-02-01,  862829.00,  156878.00,  315140.52
2015-03-01,  862895.00,  156890.00,  318150.05
2015-04-01,  847972.80,  157032.00,  342717.62
2015-05-01,  865518.50,  157367.00,  330802.35
2015-06-01,  832015.20,  156984.00,  317413.02
2015-07-01,  832709.50,  157115.00,  355492.76
2015-08-01,  801011.10,  157061.00,  326011.67
2015-09-01,  800021.70,  156867.00,  329205.46
2015-10-01,  785480.00,  157096.00,  333013.43
2015-11-01,  786835.00,  157367.00,  319255.59
2015-12-01,  789165.00,  157833.00,  324353.36
2016-01-01,  775841.50,  158335.00,  344191.68
2016-02-01,  778561.00,  158890.00,  344437.35
2016-03-01,  796430.00,  159286.00,  348245.33
2016-04-01,  794620.00,  158924.00,  358993.64
2016-05-01,  744790.20,  158466.00,  338663.97
2016-06-01,  778512.00,  158880.00,  346587.02
2016-07-01,  780506.30,  159287.00,  358133.77
2016-08-01,  781368.70,  159463.00,  334917.42
2016-09-01,  799535.00,  159907.00,  345849.99
2016-10-01,  782588.80,  159712.00,  339892.35
